Timestamp,Object,Confidence,Distance
2025-04-23 14:30:02,Braille-Boards,0.85,very close
2025-04-23 14:30:02,TrafficSigns,0.77,close
2025-04-23 14:30:02,TrafficSigns,0.33,very close
2025-04-23 14:30:13,TrafficSigns,0.98,close
2025-04-23 14:30:13,Braille-Boards,0.88,very close
2025-04-23 14:30:13,TrafficSigns,0.33,close
2025-04-23 14:30:16,TrafficSigns,0.97,close
2025-04-23 14:30:16,Braille-Boards,0.88,very close
2025-04-23 14:30:16,TrafficSigns,0.98,close
2025-04-23 14:30:16,Braille-Boards,0.89,very close
2025-04-23 14:30:16,TrafficSigns,0.44,close
2025-04-23 14:30:16,TrafficSigns,0.98,close
2025-04-23 14:30:16,Braille-Boards,0.89,very close
2025-04-23 14:30:16,TrafficSigns,0.44,close
2025-04-23 14:30:17,TrafficSigns,0.97,close
2025-04-23 14:30:17,Braille-Boards,0.87,very close
2025-04-23 14:30:17,TrafficSigns,0.97,close
2025-04-23 14:30:17,Braille-Boards,0.87,very close
2025-04-23 14:30:17,TrafficSigns,0.98,close
2025-04-23 14:30:17,Braille-Boards,0.86,very close
2025-04-23 14:30:17,TrafficSigns,0.97,close
2025-04-23 14:30:17,Braille-Boards,0.89,very close
2025-04-23 14:30:17,TrafficSigns,0.98,close
2025-04-23 14:30:17,Braille-Boards,0.88,very close
2025-04-23 14:30:17,TrafficSigns,0.98,close
2025-04-23 14:30:17,Braille-Boards,0.9,very close
2025-04-23 14:30:17,TrafficSigns,0.97,close
2025-04-23 14:30:17,Braille-Boards,0.89,very close
2025-04-23 14:30:17,TrafficSigns,0.98,close
2025-04-23 14:30:17,Braille-Boards,0.87,very close
2025-04-23 14:30:17,TrafficSigns,0.97,close
2025-04-23 14:30:17,Braille-Boards,0.88,very close
2025-04-23 14:30:17,TrafficSigns,0.53,close
2025-04-23 14:30:17,TrafficSigns,0.98,close
2025-04-23 14:30:17,Braille-Boards,0.9,very close
2025-04-23 14:30:17,TrafficSigns,0.97,close
2025-04-23 14:30:17,Braille-Boards,0.89,very close
2025-04-23 14:30:17,TrafficSigns,0.46,close
2025-04-23 14:30:17,TrafficSigns,0.97,close
2025-04-23 14:30:17,Braille-Boards,0.88,very close
2025-04-23 14:30:17,TrafficSigns,0.97,close
2025-04-23 14:30:17,Braille-Boards,0.91,very close
2025-04-23 14:30:17,TrafficSigns,0.97,close
2025-04-23 14:30:17,Braille-Boards,0.88,very close
2025-04-23 14:30:18,TrafficSigns,0.97,close
2025-04-23 14:30:18,Braille-Boards,0.87,very close
2025-04-23 14:30:18,TrafficSigns,0.4,close
2025-04-23 14:30:18,TrafficSigns,0.97,close
2025-04-23 14:30:18,Braille-Boards,0.87,very close
2025-04-23 14:30:18,TrafficSigns,0.97,close
2025-04-23 14:30:18,Braille-Boards,0.9,very close
2025-04-23 14:30:18,TrafficSigns,0.45,close
2025-04-23 14:30:18,TrafficSigns,0.98,close
2025-04-23 14:30:18,Braille-Boards,0.9,very close
2025-04-23 14:30:18,TrafficSigns,0.98,close
2025-04-23 14:30:18,Braille-Boards,0.89,very close
2025-04-23 14:30:18,TrafficSigns,0.97,close
2025-04-23 14:30:18,Braille-Boards,0.89,very close
2025-04-23 14:30:18,TrafficSigns,0.98,close
2025-04-23 14:30:18,Braille-Boards,0.88,very close
2025-04-23 14:30:18,TrafficSigns,0.48,close
2025-04-23 14:30:18,TrafficSigns,0.97,close
2025-04-23 14:30:18,Braille-Boards,0.88,very close
2025-04-23 14:30:18,TrafficSigns,0.98,close
2025-04-23 14:30:18,Braille-Boards,0.91,very close
2025-04-23 14:30:18,TrafficSigns,0.97,close
2025-04-23 14:30:18,Braille-Boards,0.9,very close
2025-04-23 14:30:18,TrafficSigns,0.98,close
2025-04-23 14:30:18,Braille-Boards,0.89,very close
2025-04-23 14:30:18,TrafficSigns,0.97,close
2025-04-23 14:30:18,Braille-Boards,0.9,very close
2025-04-23 14:30:18,TrafficSigns,0.97,close
2025-04-23 14:30:18,Braille-Boards,0.88,very close
2025-04-23 14:30:18,TrafficSigns,0.32,close
2025-04-23 14:30:18,TrafficSigns,0.96,close
2025-04-23 14:30:18,Braille-Boards,0.9,very close
2025-04-23 14:30:18,TrafficSigns,0.43,close
2025-04-23 14:30:18,TrafficSigns,0.97,close
2025-04-23 14:30:18,Braille-Boards,0.88,very close
2025-04-23 14:30:19,TrafficSigns,0.98,close
2025-04-23 14:30:19,Braille-Boards,0.88,very close
2025-04-23 14:30:19,TrafficSigns,0.97,close
2025-04-23 14:30:19,Braille-Boards,0.89,very close
2025-04-23 14:30:19,TrafficSigns,0.97,close
2025-04-23 14:30:19,Braille-Boards,0.87,very close
2025-04-23 14:30:19,TrafficSigns,0.53,close
2025-04-23 14:30:19,TrafficSigns,0.98,close
2025-04-23 14:30:19,Braille-Boards,0.89,very close
2025-04-23 14:30:19,TrafficSigns,0.31,close
2025-04-23 14:30:19,TrafficSigns,0.97,close
2025-04-23 14:30:19,Braille-Boards,0.89,very close
2025-04-23 14:30:19,TrafficSigns,0.97,close
2025-04-23 14:30:19,Braille-Boards,0.9,very close
2025-04-23 14:30:19,TrafficSigns,0.97,close
2025-04-23 14:30:19,Braille-Boards,0.89,very close
2025-04-23 14:30:19,TrafficSigns,0.97,close
2025-04-23 14:30:19,Braille-Boards,0.89,very close
2025-04-23 14:30:19,TrafficSigns,0.97,close
2025-04-23 14:30:19,Braille-Boards,0.87,very close
2025-04-23 14:30:19,TrafficSigns,0.98,close
2025-04-23 14:30:19,Braille-Boards,0.91,very close
2025-04-23 14:30:19,TrafficSigns,0.97,close
2025-04-23 14:30:19,Braille-Boards,0.89,very close
2025-04-23 14:30:19,TrafficSigns,0.35,close
2025-04-23 14:30:19,TrafficSigns,0.98,close
2025-04-23 14:30:19,TrafficSigns,0.96,close
2025-04-23 14:30:19,Braille-Boards,0.89,very close
2025-04-23 14:30:19,TrafficSigns,0.98,close
2025-04-23 14:30:19,Braille-Boards,0.87,very close
2025-04-23 14:30:19,TrafficSigns,0.48,close
2025-04-23 14:30:19,TrafficSigns,0.98,close
2025-04-23 14:30:19,Braille-Boards,0.87,very close
2025-04-23 14:30:19,TrafficSigns,0.97,close
2025-04-23 14:30:19,Braille-Boards,0.89,very close
2025-04-23 14:30:19,TrafficSigns,0.27,very close
2025-04-23 14:30:23,Braille-Boards,0.83,very close
2025-04-23 14:30:23,TrafficSigns,0.82,very close
2025-04-23 14:30:23,TrafficSigns,0.47,very close
2025-04-23 14:30:23,TrafficSigns,0.36,very close
2025-04-23 14:30:23,Braille-Boards,0.81,very close
2025-04-23 14:30:23,TrafficSigns,0.73,very close
2025-04-23 14:30:23,TrafficSigns,0.86,very close
2025-04-23 14:30:23,TrafficSigns,0.84,very close
2025-04-23 14:30:23,Braille-Boards,0.81,very close
2025-04-23 14:30:23,TrafficSigns,0.57,very close
2025-04-23 14:30:23,TrafficSigns,0.9,very close
2025-04-23 14:30:23,Braille-Boards,0.81,very close
2025-04-23 14:30:23,TrafficSigns,0.66,very close
2025-04-23 14:30:23,Braille-Boards,0.84,very close
2025-04-23 14:30:23,TrafficSigns,0.84,very close
2025-04-23 14:30:23,TrafficSigns,0.37,very close
2025-04-23 14:30:23,TrafficSigns,0.9,very close
2025-04-23 14:30:23,Braille-Boards,0.83,very close
2025-04-23 14:30:23,TrafficSigns,0.71,very close
2025-04-23 14:30:24,TrafficSigns,0.9,very close
2025-04-23 14:30:24,TrafficSigns,0.87,very close
2025-04-23 14:30:24,Braille-Boards,0.84,very close
2025-04-23 14:30:24,Braille-Boards,0.84,very close
2025-04-23 14:30:24,TrafficSigns,0.71,very close
2025-04-23 14:30:24,TrafficSigns,0.38,very close
2025-04-23 14:30:24,TrafficSigns,0.32,very close
2025-04-23 14:30:24,Braille-Boards,0.83,very close
2025-04-23 14:30:24,TrafficSigns,0.59,very close
2025-04-23 14:30:24,TrafficSigns,0.43,very close
2025-04-23 14:30:24,Braille-Boards,0.84,very close
2025-04-23 14:30:24,TrafficSigns,0.8,very close
2025-04-23 14:30:24,TrafficSigns,0.42,very close
2025-04-23 14:30:24,Braille-Boards,0.84,very close
2025-04-23 14:30:24,TrafficSigns,0.74,very close
2025-04-23 14:30:24,TrafficSigns,0.58,very close
2025-04-23 14:30:24,Braille-Boards,0.82,very close
2025-04-23 14:30:24,TrafficSigns,0.62,very close
2025-04-23 14:30:24,TrafficSigns,0.54,very close
2025-04-23 14:30:24,Braille-Boards,0.85,very close
2025-04-23 14:30:24,TrafficSigns,0.75,very close
2025-04-23 14:30:24,TrafficSigns,0.59,very close
2025-04-23 14:30:24,TrafficSigns,0.52,very close
2025-04-23 14:30:24,Braille-Boards,0.89,very close
2025-04-23 14:30:24,TrafficSigns,0.76,very close
2025-04-23 14:30:24,TrafficSigns,0.49,very close
2025-04-23 14:30:24,TrafficSigns,0.42,very close
2025-04-23 14:30:24,Braille-Boards,0.86,very close
2025-04-23 14:30:24,TrafficSigns,0.75,very close
2025-04-23 14:30:24,TrafficSigns,0.74,very close
2025-04-23 14:30:24,TrafficSigns,0.51,very close
2025-04-23 14:30:24,Braille-Boards,0.86,very close
2025-04-23 14:30:24,TrafficSigns,0.78,very close
2025-04-23 14:30:24,TrafficSigns,0.7,very close
2025-04-23 14:30:24,TrafficSigns,0.57,close
2025-04-23 14:30:27,TrafficSigns,0.93,close
2025-04-23 14:30:27,Braille-Boards,0.86,very close
2025-04-23 14:30:28,TrafficSigns,0.95,close
2025-04-23 14:30:28,Braille-Boards,0.84,very close
2025-04-23 14:30:28,TrafficSigns,0.95,close
2025-04-23 14:30:28,Braille-Boards,0.81,very close
2025-04-23 14:30:28,TrafficSigns,0.3,very close
2025-04-23 14:30:28,TrafficSigns,0.25,very close
2025-04-23 14:30:31,TrafficSigns,0.94,close
2025-04-23 14:30:31,Braille-Boards,0.84,very close
2025-04-23 14:30:35,TrafficSigns,0.93,close
2025-04-23 14:30:35,Braille-Boards,0.84,very close
2025-04-23 14:30:35,TrafficSigns,0.92,close
2025-04-23 14:30:35,Braille-Boards,0.81,very close
2025-04-23 14:30:35,TrafficSigns,0.94,close
2025-04-23 14:30:35,Braille-Boards,0.84,very close
2025-04-23 14:30:35,TrafficSigns,0.92,close
2025-04-23 14:30:35,Braille-Boards,0.84,very close
2025-04-23 14:30:35,TrafficSigns,0.77,very close
2025-04-23 14:30:35,TrafficSigns,0.33,very close
2025-04-23 14:30:38,TrafficSigns,0.95,close
2025-04-23 14:30:38,Braille-Boards,0.82,very close
2025-04-23 14:30:42,TrafficSigns,0.92,close
2025-04-23 14:30:42,Braille-Boards,0.85,very close
2025-04-23 14:30:42,TrafficSigns,0.3,very close
2025-04-23 14:30:45,TrafficSigns,0.94,close
2025-04-23 14:30:45,Braille-Boards,0.84,very close
2025-04-23 14:30:49,TrafficSigns,0.95,close
2025-04-23 14:30:49,Braille-Boards,0.79,very close
2025-04-23 14:30:49,TrafficSigns,0.31,close
2025-04-23 14:30:49,TrafficSigns,0.93,close
2025-04-23 14:30:49,Braille-Boards,0.81,very close
2025-04-23 14:30:49,TrafficSigns,0.36,close
2025-04-23 14:30:49,TrafficSigns,0.26,very close
2025-04-23 14:30:52,TrafficSigns,0.85,close
2025-04-23 14:30:52,Braille-Boards,0.85,very close
2025-04-23 14:30:52,TrafficSigns,0.79,close
2025-04-23 14:30:56,Braille-Boards,0.84,very close
2025-04-23 14:30:56,TrafficSigns,0.66,close
2025-04-23 14:30:56,Braille-Boards,0.33,very close
2025-04-23 14:30:56,Braille-Boards,0.81,very close
2025-04-23 14:30:56,TrafficSigns,0.7,very close
2025-04-23 14:30:56,TrafficSigns,0.35,close
2025-04-23 14:31:03,TrafficSigns,0.94,close
2025-04-23 14:31:03,Braille-Boards,0.77,very close
2025-04-23 14:31:03,TrafficSigns,0.89,close
2025-04-23 14:31:03,Braille-Boards,0.79,very close
2025-04-23 14:31:03,TrafficSigns,0.9,close
2025-04-23 14:31:03,Braille-Boards,0.76,very close
2025-04-23 14:31:03,TrafficSigns,0.9,close
2025-04-23 14:31:03,Braille-Boards,0.76,very close
2025-04-23 14:31:03,TrafficSigns,0.93,close
2025-04-23 14:31:03,Braille-Boards,0.74,very close
2025-04-23 14:31:03,TrafficSigns,0.92,close
2025-04-23 14:31:03,Braille-Boards,0.78,very close
2025-04-23 14:31:03,TrafficSigns,0.91,close
2025-04-23 14:31:03,Braille-Boards,0.81,very close
2025-04-23 14:31:03,TrafficSigns,0.94,close
2025-04-23 14:31:03,Braille-Boards,0.79,very close
2025-04-23 14:31:03,TrafficSigns,0.94,close
2025-04-23 14:31:03,Braille-Boards,0.77,very close
2025-04-23 14:31:03,TrafficSigns,0.92,close
2025-04-23 14:31:03,Braille-Boards,0.78,very close
2025-04-23 14:31:03,TrafficSigns,0.91,close
2025-04-23 14:31:03,Braille-Boards,0.78,very close
2025-04-23 14:31:03,TrafficSigns,0.94,close
2025-04-23 14:31:03,Braille-Boards,0.73,very close
2025-04-23 14:31:03,Braille-Boards,0.31,very close
2025-04-23 14:31:04,TrafficSigns,0.94,close
2025-04-23 14:31:04,Braille-Boards,0.75,very close
2025-04-23 14:31:04,TrafficSigns,0.91,close
2025-04-23 14:31:04,Braille-Boards,0.76,very close
2025-04-23 14:31:04,TrafficSigns,0.89,close
2025-04-23 14:31:04,Braille-Boards,0.73,very close
2025-04-23 14:31:04,TrafficSigns,0.86,close
2025-04-23 14:31:04,Braille-Boards,0.73,very close
2025-04-23 14:31:04,Braille-Boards,0.25,very close
2025-04-23 14:31:04,Braille-Boards,0.8,very close
2025-04-23 14:31:04,TrafficSigns,0.78,very close
2025-04-23 14:31:04,TrafficSigns,0.57,close
2025-04-23 14:31:11,TrafficSigns,0.79,close
2025-04-23 14:31:11,Braille-Boards,0.77,very close
